song,artist
Scars,The_Morning_Light
Swimming_Upstream,CrumbSnatchers
Boy,The_Different
Randall_Scandal,Maze
Graveyard,The_Liquid_Kitchen_(3)
Kill_the_Old,theleague
Designer_Genes,The_Bourgeois
Mercurial_(Feat._AJ_Perdomo),Color_Out
Summer,Rusty_Tea_Makers
Wage_War,Circa_Vitae
Under_My_Red_Carpet,The_Morning_Light
Likely_Story,Great_White_Buffalo
Embers,Avercage
Heart_of_War,Message_From_Sylvia
Cheat_On_Each_Other,Whalers_(2)
Revolution_Now,joshwoodward
Rubituckin,CrumbSnatchers
One_Last_Time,Final_Round
Fake_It,bradsucks
Thanks_for_Nothing,Great_White_Buffalo
Everybody_Else,Kara_Square_and_Piero_Peluche
My_Little_World,Other_Noises
Superman's_Cape,10_Code
The_Little_Robot,Forget_the_Whale__2_
Get_It_On,Major_Major_(2)
No_Rest_Or_Endless_Rest,Lisofv
Mourning_Day,SadMe
Game_Change,Nick_Miller
Reason,Falling_Blind
Alone,Color_Out
Not_My_Problem,All_My_Friends_Hate_Me
Girls_Like_You,The_Spin_Wires_(2)
See_The_Ghosts,Stephane_TV
New_Friends,cumshot
It_Never_Works,Social_Square
Today,10_Code
Staring_into_Space,The_Monster_Brothers
Monkeys_Jumping,Rusty_Tea_Makers
Easy_On_The_Radio,Michael_Ellis
Grand_daddy,Victoria_Caffe
Whenever_I_m_With_You,The_Bourgeois
ON_SALE,Golden_Duck_Orchestra
Soul_Kiss,entheos
Until_The_End,Retrosonic__2_
holiday,Kismet_
Give_Till_It_Hurts,For_The_Broken
Cupid_Kills,Falling_Blind
Peyote,Kinematic
I'm_Growing_Fangs,Great_White_Buffalo
"From_the_Outside,_Looking_In",Fallen_to_Flux
Old_News,Hot_Fiction
Wearing_Out,Katherine
